{
  "mae": 6.648702001946614,
  "mse": 225.3817025805427,
  "rmse": 15.012718027743768,
  "r2": 0.9610744928451858,
  "mdae": 0.8400000245002843,
  "pct_within_6": 0.7117617364967188,
  "pct_within_12": 0.8334174659262998,
  "cv_mae_mean": 12.922187616035593,
  "cv_rmse_mean": 27.595843355209475,
  "cv_r2": 0.868476618418301
}